{
    "name": "Signup with Invalid Mobile Number",
    "id": "signup;signup-with-invalid-mobile-number",
    "testSteps": [
      {
        "number": 1,
        "description": "Given I launch app",
        "duration": 862,
        "startTime": "2021-09-17T20:05:23+05:30[Asia/Kolkata]",
        "result": "SUCCESS",
        "precondition": false
      },
      {
        "number": 2,
        "description": "When I am able to click on create account text",
        "duration": 1856,
        "startTime": "2021-09-17T20:05:23.862+05:30[Asia/Kolkata]",
        "result": "SUCCESS",
        "precondition": false
      },
      {
        "number": 3,
        "description": "When I enter firstName as \"tstingfiv\"",
        "duration": 2590,
        "startTime": "2021-09-17T20:05:25.718+05:30[Asia/Kolkata]",
        "result": "SUCCESS",
        "precondition": false
      },
      {
        "number": 4,
        "description": "When I enter lastName as \"lasttt\"",
        "duration": 1453,
        "startTime": "2021-09-17T20:05:28.308+05:30[Asia/Kolkata]",
        "result": "SUCCESS",
        "precondition": false
      },
      {
        "number": 5,
        "description": "When I enter emailAddress as \"tstwer155@mailinator.com\"",
        "duration": 1470,
        "startTime": "2021-09-17T20:05:29.762+05:30[Asia/Kolkata]",
        "result": "SUCCESS",
        "precondition": false
      },
      {
        "number": 6,
        "description": "When I enter Mobile Number as \"34224\"",
        "duration": 1457,
        "startTime": "2021-09-17T20:05:31.233+05:30[Asia/Kolkata]",
        "result": "SUCCESS",
        "precondition": false
      },
      {
        "number": 7,
        "description": "When I enter create account password as \"QA@123456\"",
        "duration": 1525,
        "startTime": "2021-09-17T20:05:32.691+05:30[Asia/Kolkata]",
        "result": "SUCCESS",
        "precondition": false
      },
      {
        "number": 8,
        "description": "When I enter create account confirm password as \"QA@123456\"",
        "duration": 1532,
        "startTime": "2021-09-17T20:05:34.216+05:30[Asia/Kolkata]",
        "result": "SUCCESS",
        "precondition": false
      },
      {
        "number": 9,
        "description": "When I check the Agree with Terms and Condition check box",
        "duration": 280,
        "startTime": "2021-09-17T20:05:35.749+05:30[Asia/Kolkata]",
        "result": "SUCCESS",
        "precondition": false
      },
      {
        "number": 10,
        "description": "When I click on create my Account button",
        "duration": 245,
        "startTime": "2021-09-17T20:05:36.029+05:30[Asia/Kolkata]",
        "result": "SUCCESS",
        "precondition": false
      },
      {
        "number": 11,
        "description": "Then I verify the error message for Entering Valid Phone Number",
        "duration": 785,
        "startTime": "2021-09-17T20:05:36.275+05:30[Asia/Kolkata]",
        "result": "SUCCESS",
        "precondition": false
      },
      {
        "number": 12,
        "description": "Then I Click on OK Button",
        "duration": 230,
        "startTime": "2021-09-17T20:05:37.060+05:30[Asia/Kolkata]",
        "result": "SUCCESS",
        "precondition": false
      }
    ],
    "userStory": {
      "id": "signup",
      "storyName": "SignUp",
      "path": "00-SignUp.feature",
      "type": "feature"
    },
    "featureTag": {
      "name": "SignUp",
      "type": "feature"
    },
    "title": "Signup with Invalid Mobile Number",
    "tags": [
      {
        "name": "Sign up",
        "type": "feature"
      }
    ],
    "startTime": "2021-09-17T20:05:23+05:30[Asia/Kolkata]",
    "duration": 14292,
    "projectKey": "",
    "manual": false,
    "testSource": "Cucumber",
    "result": "SUCCESS"
  }