<html><head><title>testng.xml for Smoke_Tests</title></head><body><tt>&lt;?xml&nbsp;version="1.0"&nbsp;encoding="UTF-8"?&gt;
<br/>&lt;!DOCTYPE&nbsp;suite&nbsp;SYSTEM&nbsp;"https://testng.org/testng-1.0.dtd"&gt;
<br/>&lt;suite&nbsp;name="Smoke_Tests"&nbsp;verbose="10"&gt;
<br/>&nbsp;&nbsp;&lt;parameter&nbsp;name="selenium.port"&nbsp;value="6666"/&gt;
<br/>&nbsp;&nbsp;&lt;parameter&nbsp;name="selenium.host"&nbsp;value="localhost"/&gt;
<br/>&nbsp;&nbsp;&lt;parameter&nbsp;name="selenium.browser"&nbsp;value="chrome"/&gt;
<br/>&nbsp;&nbsp;&lt;test&nbsp;thread-count="5"&nbsp;name="Selenium&nbsp;Verify&nbsp;Parcel_lots"&nbsp;verbose="10"&gt;
<br/>&nbsp;&nbsp;&nbsp;&nbsp;&lt;classes&gt;
<br/>&nbsp;&nbsp;&nbsp;&nbsp;&nbsp;&nbsp;&lt;class&nbsp;name="com.auction.verifications.SmokeTests"&gt;
<br/>&nbsp;&nbsp;&nbsp;&nbsp;&nbsp;&nbsp;&nbsp;&nbsp;&lt;methods&gt;
<br/>&nbsp;&nbsp;&nbsp;&nbsp;&nbsp;&nbsp;&nbsp;&nbsp;&nbsp;&nbsp;&lt;include&nbsp;name="Parcel_lots"/&gt;
<br/>&nbsp;&nbsp;&nbsp;&nbsp;&nbsp;&nbsp;&nbsp;&nbsp;&lt;/methods&gt;
<br/>&nbsp;&nbsp;&nbsp;&nbsp;&nbsp;&nbsp;&lt;/class&gt;&nbsp;&lt;!--&nbsp;com.auction.verifications.SmokeTests&nbsp;--&gt;
<br/>&nbsp;&nbsp;&nbsp;&nbsp;&lt;/classes&gt;
<br/>&nbsp;&nbsp;&lt;/test&gt;&nbsp;&lt;!--&nbsp;Selenium&nbsp;Verify&nbsp;Parcel_lots&nbsp;--&gt;
<br/>&nbsp;&nbsp;&lt;test&nbsp;thread-count="5"&nbsp;name="Selenium&nbsp;Verify&nbsp;Accept_floor_bids"&nbsp;verbose="10"&gt;
<br/>&nbsp;&nbsp;&nbsp;&nbsp;&lt;classes&gt;
<br/>&nbsp;&nbsp;&nbsp;&nbsp;&nbsp;&nbsp;&lt;class&nbsp;name="com.auction.verifications.SmokeTests"&gt;
<br/>&nbsp;&nbsp;&nbsp;&nbsp;&nbsp;&nbsp;&nbsp;&nbsp;&lt;methods&gt;
<br/>&nbsp;&nbsp;&nbsp;&nbsp;&nbsp;&nbsp;&nbsp;&nbsp;&nbsp;&nbsp;&lt;include&nbsp;name="Accept_floor_bids"/&gt;
<br/>&nbsp;&nbsp;&nbsp;&nbsp;&nbsp;&nbsp;&nbsp;&nbsp;&lt;/methods&gt;
<br/>&nbsp;&nbsp;&nbsp;&nbsp;&nbsp;&nbsp;&lt;/class&gt;&nbsp;&lt;!--&nbsp;com.auction.verifications.SmokeTests&nbsp;--&gt;
<br/>&nbsp;&nbsp;&nbsp;&nbsp;&lt;/classes&gt;
<br/>&nbsp;&nbsp;&lt;/test&gt;&nbsp;&lt;!--&nbsp;Selenium&nbsp;Verify&nbsp;Accept_floor_bids&nbsp;--&gt;
<br/>&lt;/suite&gt;&nbsp;&lt;!--&nbsp;Smoke_Tests&nbsp;--&gt;
<br/></tt></body></html>